ticker,company_name,sector,date_added,cik,sub_industry,headquarters
FOX,Fox Corporation(Class B),Communication Services,2019-03-19,0001754301,Broadcasting,"New York City, New York"
AMP,Ameriprise Financial,Financials,2005-10-03,0000820027,Asset Management & Custody Banks,"Minneapolis, Minnesota"
ETR,Entergy,Utilities,1957-03-04,0000065984,Electric Utilities,"New Orleans, Louisiana"
ABBV,AbbVie,Health Care,2012-12-31,0001551152,Biotechnology,"North Chicago, Illinois"
PFG,Principal Financial Group,Financials,2002-07-22,0001126328,Life & Health Insurance,"Des Moines, Iowa"
TDG,TransDigm Group,Industrials,2016-06-03,0001260221,Aerospace & Defense,"Cleveland, Ohio"
NVDA,Nvidia,Information Technology,2001-11-30,0001045810,Semiconductors,"Santa Clara, California"
ELV,Elevance Health,Health Care,2002-07-25,0001156039,Managed Health Care,"Indianapolis, Indiana"
IT,Gartner,Information Technology,2017-04-05,0000749251,IT Consulting & Other Services,"Stamford, Connecticut"
PAYC,Paycom,Industrials,2020-01-28,0001590955,Human Resource & Employment Services,"Oklahoma City, Oklahoma"
ICE,Intercontinental Exchange,Financials,2007-09-26,0001571949,Financial Exchanges & Data,"Atlanta, Georgia"
CB,Chubb Limited,Financials,2010-07-15,0000896159,Property & Casualty Insurance,"Zurich, Switzerland"
HCA,HCA Healthcare,Health Care,2015-01-27,0000860730,Health Care Facilities,"Nashville, Tennessee"
INCY,Incyte,Health Care,2017-02-28,0000879169,Biotechnology,"Wilmington, Delaware"
ORLY,O’Reilly Automotive,Consumer Discretionary,2009-03-27,0000898173,Automotive Retail,"Springfield, Missouri"
AJG,Arthur J. Gallagher & Co.,Financials,2016-05-31,0000354190,Insurance Brokers,"Rolling Meadows, Illinois"
IPG,Interpublic Group of Companies (The),Communication Services,1992-10-01,0000051644,Advertising,"New York City, New York"
A,Agilent Technologies,Health Care,2000-06-05,0001090872,Life Sciences Tools & Services,"Santa Clara, California"
ALB,Albemarle Corporation,Materials,2016-07-01,0000915913,Specialty Chemicals,"Charlotte, North Carolina"
VRTX,Vertex Pharmaceuticals,Health Care,2013-09-23,0000875320,Biotechnology,"Boston, Massachusetts"
SRE,Sempra,Utilities,2017-03-17,0001032208,Multi-Utilities,"San Diego, California"
LII,Lennox International,Industrials,2024-12-23,0001069202,Building Products,"Richardson, Texas"
GNRC,Generac,Industrials,2021-03-22,0001474735,Electrical Components & Equipment,"Waukesha, Wisconsin"
FANG,Diamondback Energy,Energy,2018-12-03,0001539838,Oil & Gas Exploration & Production,"Midland, Texas"
CINF,Cincinnati Financial,Financials,1997-12-18,0000020286,Property & Casualty Insurance,"Fairfield, Ohio"
MDLZ,Mondelez International,Consumer Staples,2012-10-02,0001103982,Packaged Foods & Meats,"Chicago, Illinois"
RSG,Republic Services,Industrials,2008-12-05,0001060391,Environmental & Facilities Services,"Phoenix, Arizona"
MTB,M&T Bank,Financials,2004-02-23,0000036270,Regional Banks,"Buffalo, New York"
HON,Honeywell,Industrials,1957-03-04,0000773840,Industrial Conglomerates,"Charlotte, North Carolina"
FTNT,Fortinet,Information Technology,2018-10-11,0001262039,Systems Software,"Sunnyvale, California"
WRB,W. R. Berkley Corporation,Financials,2019-12-05,0000011544,Property & Casualty Insurance,"Greenwich, Connecticut"
TEL,TE Connectivity,Information Technology,2011-10-17,0001385157,Electronic Manufacturing Services,"Galway, Ireland"
WBD,Warner Bros. Discovery,Communication Services,2022-04-11,0001437107,Broadcasting,"New York City, New York"
UNH,UnitedHealth Group,Health Care,1994-07-01,0000731766,Managed Health Care,"Eden Prairie, Minnesota"
EXC,Exelon,Utilities,1957-03-04,0001109357,Electric Utilities,"Chicago, Illinois"
DASH,DoorDash,Consumer Discretionary,2025-03-24,0001792789,Specialized Consumer Services,"San Francisco, California"
PPL,PPL Corporation,Utilities,2001-10-01,0000922224,Electric Utilities,"Allentown, Pennsylvania"
HAS,Hasbro,Consumer Discretionary,1984-09-30,0000046080,Leisure Products,"Pawtucket, Rhode Island"
DD,DuPont,Materials,2019-06-03,0001666700,Specialty Chemicals,"Wilmington, Delaware"
BA,Boeing,Industrials,1957-03-04,0000012927,Aerospace & Defense,"Arlington, Virginia"
COO,Cooper Companies (The),Health Care,2016-09-23,0000711404,Health Care Supplies,"San Ramon, California"
HOOD,Robinhood Markets,Financials,2025-09-22,0001783879,Investment Banking & Brokerage,"Menlo Park, California"
GRMN,Garmin,Consumer Discretionary,2012-12-12,0001121788,Consumer Electronics,"Schaffhausen, Switzerland"
GD,General Dynamics,Industrials,1957-03-04,0000040533,Aerospace & Defense,"Reston, Virginia"
LULU,Lululemon Athletica,Consumer Discretionary,2023-10-18,0001397187,"Apparel, Accessories & Luxury Goods","Vancouver, Canada"
Q,Qnity Electronics,Information Technology,2025-11-03,0002058873,Semiconductor Materials & Equipment,"Wilmington, Delaware"
SYK,Stryker Corporation,Health Care,2000-12-12,0000310764,Health Care Equipment,"Kalamazoo, Michigan"
BR,Broadridge Financial Solutions,Industrials,2018-06-18,0001383312,Data Processing & Outsourced Services,"Lake Success, New York"
CARR,Carrier Global,Industrials,2020-04-03,0001783180,Building Products,"Palm Beach Gardens, Florida"
AMCR,Amcor,Materials,2019-06-07,0001748790,Paper & Plastic Packaging Products & Materials,"Warmley,Bristol, United Kingdom"
KKR,KKR & Co.,Financials,2024-06-24,0001404912,Asset Management & Custody Banks,"New York City, New York"
CEG,Constellation Energy,Utilities,2022-02-02,0001868275,Electric Utilities,"Baltimore, Maryland"
FICO,Fair Isaac,Information Technology,2023-03-20,0000814547,Application Software,"Bozeman, Montana"
PM,Philip Morris International,Consumer Staples,2008-03-31,0001413329,Tobacco,"New York City, New York"
CRM,Salesforce,Information Technology,2008-09-15,0001108524,Application Software,"San Francisco, California"
ADBE,Adobe Inc.,Information Technology,1997-05-05,0000796343,Application Software,"San Jose, California"
WBA,Walgreens Boots Alliance,Consumer Staples,1979-12-31,0001618921,Drug Retail,"Deerfield, Illinois"
DGX,Quest Diagnostics,Health Care,2002-12-12,0001022079,Health Care Services,"Secaucus, New Jersey"
PCG,PG&E Corporation,Utilities,2022-10-03,0001004980,Multi-Utilities,"Oakland, California"
PWR,Quanta Services,Industrials,2009-07-01,0001050915,Construction & Engineering,"Houston, Texas"
CMI,Cummins,Industrials,1965-03-31,0000026172,Construction Machinery & Heavy Transportation Equipment,"Columbus, Indiana"
CNC,Centene Corporation,Health Care,2016-03-30,0001071739,Managed Health Care,"St. Louis, Missouri"
FAST,Fastenal,Industrials,2008-09-15,0000815556,Trading Companies & Distributors,"Winona, Minnesota"
CME,CME Group,Financials,2006-08-11,0001156375,Financial Exchanges & Data,"Chicago, Illinois"
HUM,Humana,Health Care,2012-12-10,0000049071,Managed Health Care,"Louisville, Kentucky"
CRWD,CrowdStrike,Information Technology,2024-06-24,0001535527,Systems Software,"Austin, Texas"
SOLV,Solventum,Health Care,2024-04-01,0001964738,Health Care Technology,"Saint Paul, Minnesota"
HST,Host Hotels & Resorts,Real Estate,2007-03-20,0001070750,Hotel & Resort REITs,"Bethesda, Maryland"
TSLA,"Tesla, Inc.",Consumer Discretionary,2020-12-21,0001318605,Automobile Manufacturers,"Austin, Texas"
EBAY,eBay Inc.,Consumer Discretionary,2002-07-22,0001065088,Broadline Retail,"San Jose, California"
FRT,Federal Realty Investment Trust,Real Estate,2016-02-01,0000034903,Retail REITs,"Rockville, Maryland"
NDSN,Nordson Corporation,Industrials,2022-02-15,0000072331,Industrial Machinery & Supplies & Components,"Westlake, Ohio"
TAP,Molson Coors Beverage Company,Consumer Staples,1976-06-30,0000024545,Brewers,"Chicago, Illinois"
VLO,Valero Energy,Energy,2002-12-20,0001035002,Oil & Gas Refining & Marketing,"San Antonio, Texas"
MMC,Marsh McLennan,Financials,1987-08-31,0000062709,Insurance Brokers,"New York City, New York"
SLB,Schlumberger,Energy,1957-03-04,0000087347,Oil & Gas Equipment & Services,"Houston, Texas"
EQT,EQT Corporation,Energy,2022-10-03,0000033213,Oil & Gas Exploration & Production,"Pittsburgh, Pennsylvania"
APTV,Aptiv,Consumer Discretionary,2012-12-24,0001521332,Automotive Parts & Equipment,"Dublin, Ireland"
IDXX,Idexx Laboratories,Health Care,2017-01-05,0000874716,Health Care Equipment,"Westbrook, Maine"
BALL,Ball Corporation,Materials,1984-10-31,0000009389,"Metal, Glass & Plastic Containers","Broomfield, Colorado"
RMD,ResMed,Health Care,2017-07-26,0000943819,Health Care Equipment,"San Diego, California"
DUK,Duke Energy,Utilities,1976-06-30,0001326160,Electric Utilities,"Charlotte, North Carolina"
PNW,Pinnacle West Capital,Utilities,1999-10-04,0000764622,Multi-Utilities,"Phoenix, Arizona"
GE,GE Aerospace,Industrials,1957-03-04,0000040545,Aerospace & Defense,"Evendale, Ohio"
CL,Colgate-Palmolive,Consumer Staples,1957-03-04,0000021665,Household Products,"New York City, New York"
COST,Costco,Consumer Staples,1993-10-01,0000909832,Consumer Staples Merchandise Retail,"Issaquah, Washington"
PSA,Public Storage,Real Estate,2005-08-19,0001393311,Self-Storage REITs,"Glendale, California"
T,AT&T,Communication Services,1983-11-30,0000732717,Integrated Telecommunication Services,"Dallas, Texas"
NI,NiSource,Utilities,2000-11-02,0001111711,Multi-Utilities,"Merrillville, Indiana"
OXY,Occidental Petroleum,Energy,1957-03-04,0000797468,Oil & Gas Exploration & Production,"Houston, Texas"
SCHW,Charles Schwab Corporation,Financials,1997-06-02,0000316709,Investment Banking & Brokerage,"Westlake, Texas"
AKAM,Akamai Technologies,Information Technology,2007-07-12,0001086222,Internet Services & Infrastructure,"Cambridge, Massachusetts"
KIM,Kimco Realty,Real Estate,2006-04-04,0000879101,Retail REITs,"Jericho, New York"
HPQ,HP Inc.,Information Technology,1974-12-31,0000047217,"Technology Hardware, Storage & Peripherals","Palo Alto, California"
BG,Bunge Global,Consumer Staples,2023-03-15,0001996862,Agricultural Products & Services,"Chesterfield, Missouri"
MSI,Motorola Solutions,Information Technology,1957-03-04,0000068505,Communications Equipment,"Chicago, Illinois"
META,Meta Platforms,Communication Services,2013-12-23,0001326801,Interactive Media & Services,"Menlo Park, California"
LEN,Lennar,Consumer Discretionary,2005-10-04,0000920760,Homebuilding,"Miami, Florida"
LYB,LyondellBasell,Materials,2012-09-05,0001489393,Specialty Chemicals,"Rotterdam, Netherlands"
XOM,ExxonMobil,Energy,1957-03-04,0000034088,Integrated Oil & Gas,"Irving, Texas"
EVRG,Evergy,Utilities,2018-06-05,0001711269,Electric Utilities,"Kansas City, Missouri"
NOC,Northrop Grumman,Industrials,1957-03-04,0001133421,Aerospace & Defense,"West Falls Church, Virginia[3]"
RL,Ralph Lauren Corporation,Consumer Discretionary,2007-02-02,0001037038,"Apparel, Accessories & Luxury Goods","New York City, New York"
MTCH,Match Group,Communication Services,2021-09-20,0000891103,Interactive Media & Services,"Dallas, Texas"
CSX,CSX Corporation,Industrials,1957-03-04,0000277948,Rail Transportation,"Jacksonville, Florida"
DVA,DaVita,Health Care,2008-07-31,0000927066,Health Care Services,"Denver, Colorado"
KLAC,KLA Corporation,Information Technology,1997-09-30,0000319201,Semiconductor Materials & Equipment,"Milpitas, California"
CSCO,Cisco,Information Technology,1993-12-01,0000858877,Communications Equipment,"San Jose, California"
MHK,Mohawk Industries,Consumer Discretionary,2013-12-23,0000851968,Home Furnishings,"Calhoun, Georgia"
IRM,Iron Mountain,Real Estate,2009-01-06,0001020569,Other Specialized REITs,"Portsmouth, New Hampshire"
ALL,Allstate,Financials,1995-07-13,0000899051,Property & Casualty Insurance,"Northbrook, Illinois"
HSIC,Henry Schein,Health Care,2015-03-17,0001000228,Health Care Distributors,"Melville, New York"
HSY,Hershey Company (The),Consumer Staples,1957-03-04,0000047111,Packaged Foods & Meats,"Hershey, Pennsylvania"
MOS,Mosaic Company (The),Materials,2011-09-26,0001285785,Fertilizers & Agricultural Chemicals,"Tampa, Florida"
VZ,Verizon,Communication Services,1983-11-30,0000732712,Integrated Telecommunication Services,"New York City, New York"
PKG,Packaging Corporation of America,Materials,2017-07-26,0000075677,Paper & Plastic Packaging Products & Materials,"Lake Forest, Illinois"
DAL,Delta Air Lines,Industrials,2013-09-11,0000027904,Passenger Airlines,"Atlanta, Georgia"
AES,AES Corporation,Utilities,1998-10-02,0000874761,Independent Power Producers & Energy Traders,"Arlington, Virginia"
DOV,Dover Corporation,Industrials,1985-10-31,0000029905,Industrial Machinery & Supplies & Components,"Downers Grove, Illinois"
VRSK,Verisk Analytics,Industrials,2015-10-08,0001442145,Research & Consulting Services,"Jersey City, New Jersey"
HUBB,Hubbell Incorporated,Industrials,2023-10-18,0000048898,Industrial Machinery & Supplies & Components,"Shelton, Connecticut"
DLR,Digital Realty,Real Estate,2016-05-18,0001297996,Data Center REITs,"Austin, Texas"
ADP,Automatic Data Processing,Industrials,1981-03-31,0000008670,Human Resource & Employment Services,"Roseland, New Jersey"
WMT,Walmart,Consumer Staples,1982-08-31,0000104169,Consumer Staples Merchandise Retail,"Bentonville, Arkansas"
TSN,Tyson Foods,Consumer Staples,2005-08-10,0000100493,Packaged Foods & Meats,"Springdale, Arkansas"
SOLS,Solstice Advanced Materials,Materials,2025-10-30,0002064953,Specialty Chemicals,"Morris Plains, New Jersey"
UHS,Universal Health Services,Health Care,2014-09-20,0000352915,Health Care Facilities,"King of Prussia, Pennsylvania"
REG,Regency Centers,Real Estate,2017-03-02,0000910606,Retail REITs,"Jacksonville, Florida"
TTD,Trade Desk (The),Communication Services,2025-07-18,0001671933,Advertising,"Ventura, California"
AXON,Axon Enterprise,Industrials,2023-05-04,0001069183,Aerospace & Defense,"Scottsdale, Arizona"
MMM,3M,Industrials,1957-03-04,0000066740,Industrial Conglomerates,"Saint Paul, Minnesota"
ROST,Ross Stores,Consumer Discretionary,2009-12-21,0000745732,Apparel Retail,"Dublin, California"
FCX,Freeport-McMoRan,Materials,2011-07-01,0000831259,Copper,"Phoenix, Arizona"
JBL,Jabil,Information Technology,2023-12-18,0000898293,Electronic Manufacturing Services,"St. Petersburg, Florida"
INTC,Intel,Information Technology,1976-12-31,0000050863,Semiconductors,"Santa Clara, California"
REGN,Regeneron Pharmaceuticals,Health Care,2013-05-01,0000872589,Biotechnology,"Tarrytown, New York"
TRGP,Targa Resources,Energy,2022-10-12,0001389170,Oil & Gas Storage & Transportation,"Houston, Texas"
CAG,Conagra Brands,Consumer Staples,1983-08-31,0000023217,Packaged Foods & Meats,"Chicago, Illinois"
GWW,W. W. Grainger,Industrials,1981-06-30,0000277135,Industrial Machinery & Supplies & Components,"Lake Forest, Illinois"
FI,Fiserv,Financials,2001-04-02,0000798354,Transaction & Payment Processing Services,"Brookfield, Wisconsin"
LDOS,Leidos,Industrials,2019-08-09,0001336920,Diversified Support Services,"Reston, Virginia"
JNJ,Johnson & Johnson,Health Care,1973-06-30,0000200406,Pharmaceuticals,"New Brunswick, New Jersey"
TMO,Thermo Fisher Scientific,Health Care,2004-08-03,0000097745,Life Sciences Tools & Services,"Waltham, Massachusetts"
VLTO,Veralto,Industrials,2023-10-02,0001967680,Environmental & Facilities Services,"Waltham, Massachusetts"
HRL,Hormel Foods,Consumer Staples,2009-03-04,0000048465,Packaged Foods & Meats,"Austin, Minnesota"
SWKS,Skyworks Solutions,Information Technology,2015-03-12,0000004127,Semiconductors,"Irvine, California"
MO,Altria,Consumer Staples,1957-03-04,0000764180,Tobacco,"Richmond, Virginia"
PSKY,Paramount Skydance Corporation,Communication Services,1994-09-30,0002041610,Movies & Entertainment,"Los Angeles, California"
KVUE,Kenvue,Consumer Staples,2023-08-25,0001944048,Personal Care Products,"Skillman, New Jersey"
RVTY,Revvity,Health Care,1985-05-31,0000031791,Health Care Equipment,"Waltham, Massachusetts"
BK,BNY Mellon,Financials,1995-03-31,0001390777,Asset Management & Custody Banks,"New York City, New York"
NEE,NextEra Energy,Utilities,1976-06-30,0000753308,Multi-Utilities,"Juno Beach, Florida"
ADM,Archer Daniels Midland,Consumer Staples,1957-03-04,0000007084,Agricultural Products & Services,"Chicago, Illinois"
CLX,Clorox,Consumer Staples,1969-03-31,0000021076,Household Products,"Oakland, California"
URI,United Rentals,Industrials,2014-09-20,0001067701,Trading Companies & Distributors,"Stamford, Connecticut"
PRU,Prudential Financial,Financials,2002-07-22,0001137774,Life & Health Insurance,"Newark, New Jersey"
SHW,Sherwin-Williams,Materials,1964-06-30,0000089800,Specialty Chemicals,"Cleveland, Ohio"
UBER,Uber,Industrials,2023-12-18,0001543151,Passenger Ground Transportation,"San Francisco, California"
ZBRA,Zebra Technologies,Information Technology,2019-12-23,0000877212,Electronic Equipment & Instruments,"Lincolnshire, Illinois"
FITB,Fifth Third Bancorp,Financials,1996-03-29,0000035527,Regional Banks,"Cincinnati, Ohio"
OTIS,Otis Worldwide,Industrials,2020-04-03,0001781335,Industrial Machinery & Supplies & Components,"Farmington, Connecticut"
TFC,Truist Financial,Financials,1997-12-04,0000092230,Diversified Banks,"Charlotte, North Carolina"
CHD,Church & Dwight,Consumer Staples,2015-12-29,0000313927,Household Products,"Ewing, New Jersey"
PLD,Prologis,Real Estate,2003-07-17,0001045609,Industrial REITs,"San Francisco, California"
ADI,Analog Devices,Information Technology,1999-10-12,0000006281,Semiconductors,"Wilmington, Massachusetts"
KR,Kroger,Consumer Staples,1957-03-04,0000056873,Food Retail,"Cincinnati, Ohio"
TTWO,Take-Two Interactive,Communication Services,2018-03-19,0000946581,Interactive Home Entertainment,"New York City, New York"
MRK,Merck & Co.,Health Care,1957-03-04,0000310158,Pharmaceuticals,"Kenilworth, New Jersey"
F,Ford Motor Company,Consumer Discretionary,1957-03-04,0000037996,Automobile Manufacturers,"Dearborn, Michigan"
APD,Air Products,Materials,1985-04-30,0000002969,Industrial Gases,"Upper Macungie Township, Pennsylvania"
EW,Edwards Lifesciences,Health Care,2011-04-01,0001099800,Health Care Equipment,"Irvine, California"
RJF,Raymond James Financial,Financials,2017-03-20,0000720005,Investment Banking & Brokerage,"St. Petersburg, Florida"
AMZN,Amazon,Consumer Discretionary,2005-11-18,0001018724,Broadline Retail,"Seattle, Washington"
PPG,PPG Industries,Materials,1957-03-04,0000079879,Specialty Chemicals,"Pittsburgh, Pennsylvania"
CHTR,Charter Communications,Communication Services,2016-09-08,0001091667,Cable & Satellite,"Stamford, Connecticut"
ACGL,Arch Capital Group,Financials,2022-11-01,0000947484,Property & Casualty Insurance,"Hamilton, Bermuda"
COP,ConocoPhillips,Energy,1957-03-04,0001163165,Oil & Gas Exploration & Production,"Houston, Texas"
SO,Southern Company,Utilities,1957-03-04,0000092122,Electric Utilities,"Atlanta, Georgia"
CF,CF Industries,Materials,2008-08-27,0001324404,Fertilizers & Agricultural Chemicals,"Deerfield, Illinois"
LRCX,Lam Research,Information Technology,2012-06-29,0000707549,Semiconductor Materials & Equipment,"Fremont, California"
CTVA,Corteva,Materials,2019-06-03,0001755672,Fertilizers & Agricultural Chemicals,"Indianapolis, Indiana"
DXCM,Dexcom,Health Care,2020-05-12,0001093557,Health Care Equipment,"San Diego, California"
NRG,NRG Energy,Utilities,2010-01-29,0001013871,Independent Power Producers & Energy Traders,"Houston, Texas"
MRNA,Moderna,Health Care,2021-07-21,0001682852,Biotechnology,"Cambridge, Massachusetts"
CPAY,Corpay,Financials,2018-06-20,0001175454,Transaction & Payment Processing Services,"Atlanta, Georgia"
CBOE,Cboe Global Markets,Financials,2017-03-01,0001374310,Financial Exchanges & Data,"Chicago, Illinois"
IQV,IQVIA,Health Care,2017-08-29,0001478242,Life Sciences Tools & Services,"Durham, North Carolina"
POOL,Pool Corporation,Consumer Discretionary,2020-10-07,0000945841,Distributors,"Covington, Louisiana"
UPS,United Parcel Service,Industrials,2002-07-22,0001090727,Air Freight & Logistics,"Sandy Springs, Georgia"
WDC,Western Digital,Information Technology,2009-07-01,0000106040,"Technology Hardware, Storage & Peripherals","San Jose, California"
KEY,KeyCorp,Financials,1994-03-01,0000091576,Regional Banks,"Cleveland, Ohio"
CBRE,CBRE Group,Real Estate,2006-11-10,0001138118,Real Estate Services,"Dallas, Texas"
ED,Consolidated Edison,Utilities,1957-03-04,0001047862,Multi-Utilities,"New York City, New York"
CSGP,CoStar Group,Real Estate,2022-09-19,0001057352,Real Estate Services,"Washington, D.C."
FE,FirstEnergy,Utilities,1997-11-28,0001031296,Electric Utilities,"Akron, Ohio"
KEYS,Keysight Technologies,Information Technology,2018-11-06,0001601046,Electronic Equipment & Instruments,"Santa Rosa, California"
DE,Deere & Company,Industrials,1957-03-04,0000315189,Agricultural & Farm Machinery,"Moline, Illinois"
DAY,Dayforce,Industrials,2021-09-20,0001725057,Human Resource & Employment Services,"Minneapolis, Minnesota"
MNST,Monster Beverage,Consumer Staples,2012-06-28,0000865752,Soft Drinks & Non-alcoholic Beverages,"Corona, California"
NCLH,Norwegian Cruise Line Holdings,Consumer Discretionary,2017-10-13,0001513761,"Hotels, Resorts & Cruise Lines","Miami-Dade County, Florida[4]"
EMR,Emerson Electric,Industrials,1965-03-31,0000032604,Electrical Components & Equipment,"Ferguson, Missouri"
APA,APA Corporation,Energy,1997-07-28,0001841666,Oil & Gas Exploration & Production,"Houston, Texas"
IR,Ingersoll Rand,Industrials,2020-03-03,0001699150,Industrial Machinery & Supplies & Components,"Davidson, North Carolina"
ENPH,Enphase Energy,Information Technology,2021-01-07,0001463101,Semiconductor Materials & Equipment,"Fremont, California"
GLW,Corning Inc.,Information Technology,1995-02-27,0000024741,Electronic Components,"Corning, New York"
QCOM,Qualcomm,Information Technology,1999-07-22,0000804328,Semiconductors,"San Diego, California"
MCD,McDonald's,Consumer Discretionary,1970-06-30,0000063908,Restaurants,"Chicago, Illinois"
ESS,Essex Property Trust,Real Estate,2014-04-02,0000920522,Multi-Family Residential REITs,"San Mateo, California"
CCL,Carnival,Consumer Discretionary,1998-12-22,0000815097,"Hotels, Resorts & Cruise Lines","Miami, Florida"
VICI,Vici Properties,Real Estate,2022-06-08,0001705696,Hotel & Resort REITs,"New York City, New York"
KHC,Kraft Heinz,Consumer Staples,2015-07-06,0001637459,Packaged Foods & Meats,"Chicago, Illinois;Pittsburgh, Pennsylvania"
LOW,Lowe's,Consumer Discretionary,1984-02-29,0000060667,Home Improvement Retail,"Mooresville, North Carolina"
BX,Blackstone Inc.,Financials,2023-09-18,0001393818,Asset Management & Custody Banks,"New York City, New York"
CTAS,Cintas,Industrials,2001-03-01,0000723254,Diversified Support Services,"Mason, Ohio"
GM,General Motors,Consumer Discretionary,2013-06-06,0001467858,Automobile Manufacturers,"Detroit, Michigan"
PEP,PepsiCo,Consumer Staples,1957-03-04,0000077476,Soft Drinks & Non-alcoholic Beverages,"Purchase, New York"
VTR,Ventas,Real Estate,2009-03-04,0000740260,Health Care REITs,"Chicago, Illinois"
ETN,Eaton Corporation,Industrials,1957-03-04,0001551182,Electrical Components & Equipment,"Dublin, Ireland"
IBM,IBM,Information Technology,1957-03-04,0000051143,IT Consulting & Other Services,"Armonk, New York"
WAB,Wabtec,Industrials,2019-02-27,0000943452,Construction Machinery & Heavy Transportation Equipment,"Pittsburgh, Pennsylvania"
HOLX,Hologic,Health Care,2016-03-30,0000859737,Health Care Equipment,"Marlborough, Massachusetts"
HII,Huntington Ingalls Industries,Industrials,2018-01-03,0001501585,Aerospace & Defense,"Newport News, Virginia"
NOW,ServiceNow,Information Technology,2019-11-21,0001373715,Systems Software,"Santa Clara, California"
BAC,Bank of America,Financials,1976-06-30,0000070858,Diversified Banks,"Charlotte, North Carolina"
HD,Home Depot (The),Consumer Discretionary,1988-03-31,0000354950,Home Improvement Retail,"Atlanta, Georgia"
FFIV,"F5, Inc.",Information Technology,2010-12-20,0001048695,Communications Equipment,"Seattle, Washington"
AXP,American Express,Financials,1976-06-30,0000004962,Consumer Finance,"New York City, New York"
MKC,McCormick & Company,Consumer Staples,2003-03-20,0000063754,Packaged Foods & Meats,"Hunt Valley, Maryland"
AMT,American Tower,Real Estate,2007-11-19,0001053507,Telecom Tower REITs,"Boston, Massachusetts"
SBAC,SBA Communications,Real Estate,2017-09-01,0001034054,Telecom Tower REITs,"Boca Raton, Florida"
DPZ,Domino's,Consumer Discretionary,2020-05-12,0001286681,Restaurants,"Ann Arbor, Michigan"
HBAN,Huntington Bancshares,Financials,1997-08-28,0000049196,Regional Banks,"Columbus, Ohio;Detroit, Michigan"
AZO,AutoZone,Consumer Discretionary,1997-01-02,0000866787,Automotive Retail,"Memphis, Tennessee"
LUV,Southwest Airlines,Industrials,1994-07-01,0000092380,Passenger Airlines,"Dallas, Texas"
COF,Capital One,Financials,1998-07-01,0000927628,Consumer Finance,"Tysons Corner, Virginia"
HWM,Howmet Aerospace,Industrials,2016-10-21,0000004281,Aerospace & Defense,"Pittsburgh, Pennsylvania"
BRK.B,Berkshire Hathaway,Financials,2010-02-16,0001067983,Multi-Sector Holdings,"Omaha, Nebraska"
WTW,Willis Towers Watson,Financials,2016-01-05,0001140536,Insurance Brokers,"London, United Kingdom"
TGT,Target Corporation,Consumer Staples,1976-12-31,0000027419,Consumer Staples Merchandise Retail,"Minneapolis, Minnesota"
EMN,Eastman Chemical Company,Materials,1994-01-01,0000915389,Specialty Chemicals,"Kingsport, Tennessee"
PSX,Phillips 66,Energy,2012-05-01,0001534701,Oil & Gas Refining & Marketing,"Houston, Texas"
MSCI,MSCI Inc.,Financials,2018-04-04,0001408198,Financial Exchanges & Data,"New York City, New York"
EFX,Equifax,Industrials,1997-06-19,0000033185,Research & Consulting Services,"Atlanta, Georgia"
CVS,CVS Health,Health Care,1957-03-04,0000064803,Health Care Services,"Woonsocket, Rhode Island"
SYF,Synchrony Financial,Financials,2015-11-18,0001601712,Consumer Finance,"Stamford, Connecticut"
ON,ON Semiconductor,Information Technology,2022-06-21,0001097864,Semiconductors,"Phoenix, Arizona"
BLK,BlackRock,Financials,2011-04-04,0002012383,Asset Management & Custody Banks,"New York City, New York"
MAR,Marriott International,Consumer Discretionary,1998-05-29,0001048286,"Hotels, Resorts & Cruise Lines","Bethesda, Maryland"
SWK,Stanley Black & Decker,Industrials,1982-09-30,0000093556,Industrial Machinery & Supplies & Components,"New Britain, Connecticut"
AMGN,Amgen,Health Care,1992-01-02,0000318154,Biotechnology,"Thousand Oaks, California"
DIS,Walt Disney Company (The),Communication Services,1976-06-30,0001744489,Movies & Entertainment,"Burbank, California"
STLD,Steel Dynamics,Materials,2022-12-22,0001022671,Steel,"Fort Wayne, Indiana"
FIS,Fidelity National Information Services,Financials,2006-11-10,0001136893,Transaction & Payment Processing Services,"Jacksonville, Florida"
NUE,Nucor,Materials,1985-04-30,0000073309,Steel,"Charlotte, North Carolina"
APP,AppLovin,Information Technology,2025-09-22,0001751008,Application Software,"Palo Alto, California"
CRL,Charles River Laboratories,Health Care,2021-05-14,0001100682,Life Sciences Tools & Services,"Wilmington, Massachusetts"
LIN,Linde plc,Materials,1992-07-01,0001707925,Industrial Gases,"Guildford, United Kingdom"
PANW,Palo Alto Networks,Information Technology,2023-06-20,0001327567,Systems Software,"Santa Clara, California"
WELL,Welltower,Real Estate,2009-01-30,0000766704,Health Care REITs,"Toledo, Ohio"
AEE,Ameren,Utilities,1991-09-19,0001002910,Multi-Utilities,"St. Louis, Missouri"
TPL,Texas Pacific Land Corporation,Energy,2024-11-26,0001811074,Oil & Gas Exploration & Production,"Dallas, Texas"
SNPS,Synopsys,Information Technology,2017-03-16,0000883241,Application Software,"Sunnyvale, California"
DECK,Deckers Brands,Consumer Discretionary,2024-03-18,0000910521,Footwear,"Goleta, California"
PG,Procter & Gamble,Consumer Staples,1957-03-04,0000080424,Personal Care Products,"Cincinnati, Ohio"
ULTA,Ulta Beauty,Consumer Discretionary,2016-04-18,0001403568,Other Specialty Retail,"Bolingbrook, Illinois"
WFC,Wells Fargo,Financials,1976-06-30,0000072971,Diversified Banks,"San Francisco, California"
GL,Globe Life,Financials,1989-04-30,0000320335,Life & Health Insurance,"McKinney, Texas"
PLTR,Palantir Technologies,Information Technology,2024-09-23,0001321655,Application Software,"Denver, Colorado"
CZR,Caesars Entertainment,Consumer Discretionary,2021-03-22,0001590895,Casinos & Gaming,"Reno, Nevada"
FDS,FactSet,Financials,2021-12-20,0001013237,Financial Exchanges & Data,"Norwalk, Connecticut"
J,Jacobs Solutions,Industrials,2007-10-26,0000052988,Construction & Engineering,"Dallas, Texas"
APH,Amphenol,Information Technology,2008-09-30,0000820313,Electronic Components,"Wallingford, Connecticut"
CTRA,Coterra,Energy,2008-06-23,0000858470,Oil & Gas Exploration & Production,"Houston, Texas"
DELL,Dell Technologies,Information Technology,2024-09-23,0001571996,"Technology Hardware, Storage & Peripherals","Round Rock, Texas"
GPC,Genuine Parts Company,Consumer Discretionary,1973-12-31,0000040987,Distributors,"Atlanta, Georgia"
IBKR,Interactive Brokers,Financials,2025-08-28,0001381197,Investment Banking & Brokerage,"Greenwich, Connecticut"
C,Citigroup,Financials,1988-05-31,0000831001,Diversified Banks,"New York City, New York"
ATO,Atmos Energy,Utilities,2019-02-15,0000731802,Gas Utilities,"Dallas, Texas"
GPN,Global Payments,Financials,2016-04-25,0001123360,Transaction & Payment Processing Services,"Atlanta, Georgia"
LKQ,LKQ Corporation,Consumer Discretionary,2016-05-23,0001065696,Distributors,"Nashville, Tennessee"
GEN,Gen Digital,Information Technology,2003-03-25,0000849399,Systems Software,"Tempe, Arizona"
SW,Smurfit Westrock,Materials,2024-07-08,0002005951,Paper & Plastic Packaging Products & Materials,"Dublin, Ireland"
TRMB,Trimble Inc.,Information Technology,2021-01-21,0000864749,Electronic Equipment & Instruments,"Westminster, Colorado"
IFF,International Flavors & Fragrances,Materials,1976-03-31,0000051253,Specialty Chemicals,"New York City, New York"
TER,Teradyne,Information Technology,2020-09-21,0000097210,Semiconductor Materials & Equipment,"North Reading, Massachusetts"
GILD,Gilead Sciences,Health Care,2004-07-01,0000882095,Biotechnology,"Foster City, California"
NSC,Norfolk Southern,Industrials,1957-03-04,0000702165,Rail Transportation,"Atlanta, Georgia"
BIIB,Biogen,Health Care,2003-11-13,0000875045,Biotechnology,"Cambridge, Massachusetts"
DRI,Darden Restaurants,Consumer Discretionary,1995-05-31,0000940944,Restaurants,"Orlando, Florida"
PTC,PTC Inc.,Information Technology,2021-04-20,0000857005,Application Software,"Boston, Massachusetts"
WDAY,"Workday, Inc.",Information Technology,2024-12-23,0001327811,Application Software,"Pleasanton, California"
PGR,Progressive Corporation,Financials,1997-08-04,0000080661,Property & Casualty Insurance,"Mayfield Village, Ohio"
WMB,Williams Companies,Energy,1975-03-31,0000107263,Oil & Gas Storage & Transportation,"Tulsa, Oklahoma"
ISRG,Intuitive Surgical,Health Care,2008-06-02,0001035267,Health Care Equipment,"Sunnyvale, California"
PFE,Pfizer,Health Care,1957-03-04,0000078003,Pharmaceuticals,"New York City, New York"
XYL,Xylem Inc.,Industrials,2011-11-01,0001524472,Industrial Machinery & Supplies & Components,"White Plains, New York"
ROK,Rockwell Automation,Industrials,2000-03-12,0001024478,Electrical Components & Equipment,"Milwaukee, Wisconsin"
SNA,Snap-on,Industrials,1982-09-30,0000091440,Industrial Machinery & Supplies & Components,"Kenosha, Wisconsin"
BKR,Baker Hughes,Energy,2017-07-07,0001701605,Oil & Gas Equipment & Services,"Houston, Texas"
EA,Electronic Arts,Communication Services,2002-07-22,0000712515,Interactive Home Entertainment,"Redwood City, California"
DHR,Danaher Corporation,Health Care,1998-11-18,0000313616,Life Sciences Tools & Services,"Washington, D.C."
TT,Trane Technologies,Industrials,2010-11-17,0001466258,Building Products,"Dublin, Ireland"
FDX,FedEx,Industrials,1980-12-31,0001048911,Air Freight & Logistics,"Memphis, Tennessee"
CFG,Citizens Financial Group,Financials,2016-01-29,0000759944,Regional Banks,"Providence, Rhode Island"
BBY,Best Buy,Consumer Discretionary,1999-06-29,0000764478,Computer & Electronics Retail,"Richfield, Minnesota"
LNT,Alliant Energy,Utilities,2016-07-01,0000352541,Electric Utilities,"Madison, Wisconsin"
NVR,"NVR, Inc.",Consumer Discretionary,2019-09-26,0000906163,Homebuilding,"Reston, Virginia"
BXP,"BXP, Inc.",Real Estate,2006-04-03,0001037540,Office REITs,"Boston, Massachusetts"
DOW,Dow Inc.,Materials,2019-04-01,0001751788,Commodity Chemicals,"Midland, Michigan"
EXE,Expand Energy,Energy,2025-03-24,0000895126,Oil & Gas Exploration & Production,"Oklahoma City, Oklahoma"
ARE,Alexandria Real Estate Equities,Real Estate,2017-03-20,0001035443,Office REITs,"Pasadena, California"
AVGO,Broadcom,Information Technology,2014-05-08,0001730168,Semiconductors,"Palo Alto, California"
KMB,Kimberly-Clark,Consumer Staples,1957-03-04,0000055785,Household Products,"Irving, Texas"
MCK,McKesson Corporation,Health Care,1999-01-13,0000927653,Health Care Distributors,"Irving, Texas"
MAA,Mid-America Apartment Communities,Real Estate,2016-12-02,0000912595,Multi-Family Residential REITs,"Memphis, Tennessee"
STZ,Constellation Brands,Consumer Staples,2005-07-01,0000016918,Distillers & Vintners,"Rochester, New York"
MOH,Molina Healthcare,Health Care,2022-03-02,0001179929,Managed Health Care,"Long Beach, California"
PH,Parker Hannifin,Industrials,1985-11-30,0000076334,Industrial Machinery & Supplies & Components,"Cleveland, Ohio"
DOC,Healthpeak Properties,Real Estate,2008-03-31,0000765880,Health Care REITs,"Denver, Colorado"
MET,MetLife,Financials,2000-12-11,0001099219,Life & Health Insurance,"New York City, New York"
PYPL,PayPal,Financials,2015-07-20,0001633917,Transaction & Payment Processing Services,"San Jose, California"
HAL,Halliburton,Energy,1957-03-04,0000045012,Oil & Gas Equipment & Services,"Houston, Texas"
ALGN,Align Technology,Health Care,2017-06-19,0001097149,Health Care Supplies,"Tempe, Arizona"
EXR,Extra Space Storage,Real Estate,2016-01-19,0001289490,Self-Storage REITs,"Salt Lake City, Utah"
ERIE,Erie Indemnity,Financials,2024-09-23,0000922621,Insurance Brokers,"Erie, Pennsylvania"
WAT,Waters Corporation,Health Care,2002-01-02,0001000697,Life Sciences Tools & Services,"Milford, Massachusetts"
XEL,Xcel Energy,Utilities,1957-03-04,0000072903,Multi-Utilities,"Minneapolis, Minnesota"
TKO,TKO Group Holdings,Communication Services,2025-03-24,0001973266,Movies & Entertainment,"New York City, New York"
EL,Estée Lauder Companies (The),Consumer Staples,2006-01-05,0001001250,Personal Care Products,"New York City, New York"
DG,Dollar General,Consumer Staples,2012-12-03,0000029534,Consumer Staples Merchandise Retail,"Goodlettsville, Tennessee"
EQR,Equity Residential,Real Estate,2001-12-03,0000906107,Multi-Family Residential REITs,"Chicago, Illinois"
NTAP,NetApp,Information Technology,1999-06-25,0001002047,"Technology Hardware, Storage & Peripherals","San Jose, California"
DHI,D. R. Horton,Consumer Discretionary,2005-06-22,0000882184,Homebuilding,"Arlington, Texas"
YUM,Yum! Brands,Consumer Discretionary,1997-10-06,0001041061,Restaurants,"Louisville, Kentucky"
NDAQ,"Nasdaq, Inc.",Financials,2008-10-22,0001120193,Financial Exchanges & Data,"New York City, New York"
VMC,Vulcan Materials Company,Materials,1999-06-30,0001396009,Construction Materials,"Birmingham, Alabama"
TDY,Teledyne Technologies,Information Technology,2020-06-22,0001094285,Electronic Equipment & Instruments,"Thousand Oaks, California"
DVN,Devon Energy,Energy,2000-08-30,0001090012,Oil & Gas Exploration & Production,"Oklahoma City, Oklahoma"
RF,Regions Financial Corporation,Financials,1998-08-28,0001281761,Regional Banks,"Birmingham, Alabama"
IP,International Paper,Materials,1957-03-04,0000051434,Paper & Plastic Packaging Products & Materials,"Memphis, Tennessee"
STT,State Street Corporation,Financials,2003-03-14,0000093751,Asset Management & Custody Banks,"Boston, Massachusetts"
L,Loews Corporation,Financials,1995-05-31,0000060086,Multi-line Insurance,"New York City, New York"
UAL,United Airlines Holdings,Industrials,2015-09-03,0000100517,Passenger Airlines,"Chicago, Illinois"
TXT,Textron,Industrials,1978-12-31,0000217346,Aerospace & Defense,"Providence, Rhode Island"
SBUX,Starbucks,Consumer Discretionary,2000-06-07,0000829224,Restaurants,"Seattle, Washington"
NXPI,NXP Semiconductors,Information Technology,2021-03-22,0001413447,Semiconductors,"Eindhoven, Netherlands"
TMUS,T-Mobile US,Communication Services,2019-07-15,0001283699,Wireless Telecommunication Services,"Bellevue, Washington"
NTRS,Northern Trust,Financials,1998-01-30,0000073124,Asset Management & Custody Banks,"Chicago, Illinois"
O,Realty Income,Real Estate,2015-04-07,0000726728,Retail REITs,"San Diego, California"
ORCL,Oracle Corporation,Information Technology,1989-08-31,0001341439,Application Software,"Austin, Texas"
GIS,General Mills,Consumer Staples,1957-03-04,0000040704,Packaged Foods & Meats,"Golden Valley, Minnesota"
VST,Vistra Corp.,Utilities,2024-05-08,0001692819,Electric Utilities,"Irving, Texas"
GOOGL,Alphabet Inc.(Class A),Communication Services,2006-04-03,0001652044,Interactive Media & Services,"Mountain View, California"
XYZ,"Block, Inc.",Financials,2025-07-23,0001512673,Transaction & Payment Processing Services,none
CMG,Chipotle Mexican Grill,Consumer Discretionary,2011-04-28,0001058090,Restaurants,"Newport Beach, California"
TYL,Tyler Technologies,Information Technology,2020-06-22,0000860731,Application Software,"Plano, Texas"
AVB,AvalonBay Communities,Real Estate,2007-01-10,0000915912,Multi-Family Residential REITs,"Arlington, Virginia"
JCI,Johnson Controls,Industrials,2010-08-27,0000833444,Building Products,"Cork, Ireland"
MCO,Moody's Corporation,Financials,1998-07-01,0001059556,Financial Exchanges & Data,"New York City, New York"
ZTS,Zoetis,Health Care,2013-06-21,0001555280,Pharmaceuticals,"Parsippany, New Jersey"
EPAM,EPAM Systems,Information Technology,2021-12-14,0001352010,IT Consulting & Other Services,"Newtown, Pennsylvania"
GOOG,Alphabet Inc.(Class C),Communication Services,2014-04-03,0001652044,Interactive Media & Services,"Mountain View, California"
ITW,Illinois Tool Works,Industrials,1986-02-28,0000049826,Industrial Machinery & Supplies & Components,"Glenview, Illinois"
UNP,Union Pacific Corporation,Industrials,1957-03-04,0000100885,Rail Transportation,"Omaha, Nebraska"
CI,Cigna,Health Care,1976-06-30,0001739940,Health Care Services,"Bloomfield, Connecticut"
RCL,Royal Caribbean Group,Consumer Discretionary,2014-12-05,0000884887,"Hotels, Resorts & Cruise Lines","Miami, Florida"
FISV,Fiserv,Financials,2001-04-02,0000798354,Transaction & Payment Processing Services,"Brookfield, Wisconsin"
TROW,T. Rowe Price,Financials,2019-07-29,0001113169,Asset Management & Custody Banks,"Baltimore, Maryland"
NFLX,Netflix,Communication Services,2010-12-20,0001065280,Movies & Entertainment,"Los Gatos, California"
PODD,Insulet Corporation,Health Care,2023-03-15,0001145197,Health Care Equipment,"Acton, Massachusetts"
ADSK,Autodesk,Information Technology,1989-12-01,0000769397,Application Software,"San Francisco, California"
VRSN,Verisign,Information Technology,2006-02-01,0001014473,Internet Services & Infrastructure,"Reston, Virginia"
ROL,"Rollins, Inc.",Industrials,2018-10-01,0000084839,Environmental & Facilities Services,"Atlanta, Georgia"
MLM,Martin Marietta Materials,Materials,2014-07-02,0000916076,Construction Materials,"Raleigh, North Carolina"
AME,Ametek,Industrials,2013-09-23,0001037868,Electrical Components & Equipment,"Berwyn, Pennsylvania"
MS,Morgan Stanley,Financials,1993-07-29,0000895421,Investment Banking & Brokerage,"New York City, New York"
GDDY,GoDaddy,Information Technology,2024-06-24,0001609711,Internet Services & Infrastructure,"Tempe, Arizona"
NWSA,News Corp(Class A),Communication Services,2013-08-01,0001564708,Publishing,"New York City, New York"
AMAT,Applied Materials,Information Technology,1995-03-16,0000006951,Semiconductor Materials & Equipment,"Santa Clara, California"
CTSH,Cognizant,Information Technology,2006-11-17,0001058290,IT Consulting & Other Services,"Teaneck, New Jersey"
CAT,Caterpillar Inc.,Industrials,1957-03-04,0000018230,Construction Machinery & Heavy Transportation Equipment,"Irving, Texas"
FTV,Fortive,Industrials,2016-07-01,0001659166,Industrial Machinery & Supplies & Components,"Everett, Washington"
WST,West Pharmaceutical Services,Health Care,2020-05-22,0000105770,Health Care Supplies,"Exton, Pennsylvania"
GEV,GE Vernova,Industrials,2024-04-02,0001996810,Heavy Electrical Equipment,"Cambridge, Massachusetts"
KO,Coca-Cola Company (The),Consumer Staples,1957-03-04,0000021344,Soft Drinks & Non-alcoholic Beverages,"Atlanta, Georgia"
AMD,Advanced Micro Devices,Information Technology,2017-03-20,0000002488,Semiconductors,"Santa Clara, California"
CPT,Camden Property Trust,Real Estate,2022-04-04,0000906345,Multi-Family Residential REITs,"Houston, Texas"
ECL,Ecolab,Materials,1989-01-31,0000031462,Specialty Chemicals,"Saint Paul, Minnesota"
IEX,IDEX Corporation,Industrials,2019-08-09,0000832101,Industrial Machinery & Supplies & Components,"Northbrook, Illinois"
NKE,"Nike, Inc.",Consumer Discretionary,1988-11-30,0000320187,"Apparel, Accessories & Luxury Goods","Washington County, Oregon"
AOS,A. O. Smith,Industrials,2017-07-26,0000091142,Building Products,"Milwaukee, Wisconsin"
ALLE,Allegion,Industrials,2013-12-02,0001579241,Building Products,"Dublin, Ireland"
SJM,J.M. Smucker Company (The),Consumer Staples,2008-11-06,0000091419,Packaged Foods & Meats,"Orrville, Ohio"
PAYX,Paychex,Industrials,1998-10-01,0000723531,Human Resource & Employment Services,"Penfield, New York"
ACN,Accenture,Information Technology,2011-07-06,0001467373,IT Consulting & Other Services,"Dublin, Ireland"
K,Kellanova,Consumer Staples,1989-09-11,0000055067,Packaged Foods & Meats,"Chicago, Illinois"
DDOG,Datadog,Information Technology,2025-07-09,0001561550,Application Software,"New York City, New York"
SYY,Sysco,Consumer Staples,1986-12-31,0000096021,Food Distributors,"Houston, Texas"
COIN,Coinbase,Financials,2025-05-19,0001679788,Financial Exchanges & Data,"New York City, New York"
ROP,Roper Technologies,Information Technology,2009-12-23,0000882835,Electronic Equipment & Instruments,"Sarasota, Florida"
EOG,EOG Resources,Energy,2000-11-02,0000821189,Oil & Gas Exploration & Production,"Houston, Texas"
AAPL,Apple Inc.,Information Technology,1982-11-30,0000320193,"Technology Hardware, Storage & Peripherals","Cupertino, California"
PHM,PulteGroup,Consumer Discretionary,1984-04-30,0000822416,Homebuilding,"Atlanta, Georgia"
LW,Lamb Weston,Consumer Staples,2018-12-03,0001679273,Packaged Foods & Meats,"Eagle, Idaho"
TRV,Travelers Companies (The),Financials,2002-08-21,0000086312,Property & Casualty Insurance,"New York City, New York"
AIG,American International Group,Financials,1980-03-31,0000005272,Multi-line Insurance,"New York City, New York"
CMCSA,Comcast,Communication Services,2002-11-19,0001166691,Cable & Satellite,"Philadelphia, Pennsylvania"
KMX,CarMax,Consumer Discretionary,2010-06-28,0001170010,Automotive Retail,"Richmond, Virginia"
TECH,Bio-Techne,Health Care,2021-08-30,0000842023,Life Sciences Tools & Services,"Minneapolis, Minnesota"
PCAR,Paccar,Industrials,1980-12-31,0000075362,Construction Machinery & Heavy Transportation Equipment,"Bellevue, Washington"
HLT,Hilton Worldwide,Consumer Discretionary,2017-06-19,0001585689,"Hotels, Resorts & Cruise Lines","Tysons Corner, Virginia"
EXPE,Expedia Group,Consumer Discretionary,2007-10-02,0001324424,"Hotels, Resorts & Cruise Lines","Seattle, Washington"
TJX,TJX Companies,Consumer Discretionary,1985-09-30,0000109198,Apparel Retail,"Framingham, Massachusetts"
TXN,Texas Instruments,Information Technology,2001-03-12,0000097476,Semiconductors,"Dallas, Texas"
RTX,RTX Corporation,Industrials,1957-03-04,0000101829,Aerospace & Defense,"Waltham, Massachusetts"
WYNN,Wynn Resorts,Consumer Discretionary,2008-11-14,0001174922,Casinos & Gaming,"Paradise, Nevada"
CDNS,Cadence Design Systems,Information Technology,2017-09-18,0000813672,Application Software,"San Jose, California"
UDR,"UDR, Inc.",Real Estate,2016-03-07,0000074208,Multi-Family Residential REITs,"Highlands Ranch, Colorado"
FOXA,Fox Corporation(Class A),Communication Services,2019-03-19,0001754301,Broadcasting,"New York City, New York"
MA,Mastercard,Financials,2008-07-18,0001141391,Transaction & Payment Processing Services,"Harrison, New York"
LYV,Live Nation Entertainment,Communication Services,2019-12-23,0001335258,Movies & Entertainment,"Beverly Hills, California"
MDT,Medtronic,Health Care,1986-10-31,0001613103,Health Care Equipment,"Dublin, Ireland"
CVX,Chevron Corporation,Energy,1957-03-04,0000093410,Integrated Oil & Gas,"Houston, Texas"
ODFL,Old Dominion,Industrials,2019-12-09,0000878927,Cargo Ground Transportation,"Thomasville, North Carolina"
NWS,News Corp(Class B),Communication Services,2015-09-18,0001564708,Publishing,"New York City, New York"
GEHC,GE HealthCare,Health Care,2023-01-04,0001932393,Health Care Equipment,"Chicago, Illinois"
MKTX,MarketAxess,Financials,2019-07-01,0001278021,Financial Exchanges & Data,"New York City, New York"
JPM,JPMorgan Chase,Financials,1975-06-30,0000019617,Diversified Banks,"New York City, New York"
CMS,CMS Energy,Utilities,1957-03-04,0000811156,Multi-Utilities,"Jackson, Michigan"
BMY,Bristol Myers Squibb,Health Care,1957-03-04,0000014272,Pharmaceuticals,"New York City, New York"
JKHY,Jack Henry & Associates,Financials,2018-11-13,0000779152,Transaction & Payment Processing Services,"Monett, Missouri"
WY,Weyerhaeuser,Real Estate,1979-10-01,0000106535,Timber REITs,"Seattle, Washington"
MGM,MGM Resorts,Consumer Discretionary,2017-07-26,0000789570,Casinos & Gaming,"Paradise, Nevada"
PEG,Public Service Enterprise Group,Utilities,1957-03-04,0000788784,Electric Utilities,"Newark, New Jersey"
AFL,Aflac,Financials,1999-05-28,0000004977,Life & Health Insurance,"Columbus, Georgia"
BRO,Brown & Brown,Financials,2021-09-20,0000079282,Insurance Brokers,"Daytona Beach, Florida"
EG,Everest Group,Financials,2017-06-19,0001095073,Reinsurance,"Hamilton, Bermuda"
SMCI,Supermicro,Information Technology,2024-03-18,0001375365,"Technology Hardware, Storage & Peripherals","San Jose, California"
BKNG,Booking Holdings,Consumer Discretionary,2009-11-06,0001075531,"Hotels, Resorts & Cruise Lines","Norwalk, Connecticut"
IVZ,Invesco,Financials,2008-08-21,0000914208,Asset Management & Custody Banks,"Atlanta, Georgia"
MCHP,Microchip Technology,Information Technology,2007-09-07,0000827054,Semiconductors,"Chandler, Arizona"
MPWR,Monolithic Power Systems,Information Technology,2021-02-12,0001280452,Semiconductors,"Kirkland, Washington"
OMC,Omnicom Group,Communication Services,1997-12-31,0000029989,Advertising,"New York City, New York"
CHRW,C.H. Robinson,Industrials,2007-03-02,0001043277,Air Freight & Logistics,"Eden Prairie, Minnesota"
AWK,American Water Works,Utilities,2016-03-04,0001410636,Water Utilities,"Camden, New Jersey"
ANET,Arista Networks,Information Technology,2018-08-28,0001596532,Communications Equipment,"Santa Clara, California"
BDX,Becton Dickinson,Health Care,1972-09-30,0000010795,Health Care Equipment,"Franklin Lakes, New Jersey"
CDW,CDW Corporation,Information Technology,2019-09-23,0001402057,Technology Distributors,"Vernon Hills, Illinois"
MU,Micron Technology,Information Technology,1994-09-27,0000723125,Semiconductors,"Boise, Idaho"
ES,Eversource Energy,Utilities,2009-07-24,0000072741,Electric Utilities,"Hartford, Connecticut"
BLDR,Builders FirstSource,Industrials,2023-12-18,0001316835,Building Products,"Irving, Texas"
WEC,WEC Energy Group,Utilities,2008-10-31,0000783325,Electric Utilities,"Milwaukee, Wisconsin"
NEM,Newmont,Materials,1969-06-30,0001164727,Gold,"Denver, Colorado"
ABT,Abbott Laboratories,Health Care,1957-03-04,0000001800,Health Care Equipment,"North Chicago, Illinois"
LLY,Lilly (Eli),Health Care,1970-12-31,0000059478,Pharmaceuticals,"Indianapolis, Indiana"
EME,Emcor,Industrials,2025-09-22,0000105634,Construction & Engineering,"Norwalk, Connecticut"
BEN,Franklin Resources,Financials,1998-04-30,0000038777,Asset Management & Custody Banks,"San Mateo, California"
CNP,CenterPoint Energy,Utilities,1985-07-31,0001130310,Multi-Utilities,"Houston, Texas"
AEP,American Electric Power,Utilities,1957-03-04,0000004904,Electric Utilities,"Columbus, Ohio"
PARA,Paramount Global,Communication Services,1994-09-30,0000813828,Movies & Entertainment,"New York City, New York"
CCI,Crown Castle,Real Estate,2012-03-14,0001051470,Telecom Tower REITs,"Houston, Texas"
EXPD,Expeditors International,Industrials,2007-10-10,0000746515,Air Freight & Logistics,"Seattle, Washington"
JBHT,J.B. Hunt,Industrials,2015-07-01,0000728535,Cargo Ground Transportation,"Lowell, Arkansas"
D,Dominion Energy,Utilities,2016-11-30,0000715957,Multi-Utilities,"Richmond, Virginia"
DLTR,Dollar Tree,Consumer Staples,2011-12-19,0000935703,Consumer Staples Merchandise Retail,"Chesapeake, Virginia"
DTE,DTE Energy,Utilities,1957-03-04,0000936340,Multi-Utilities,"Detroit, Michigan"
HPE,Hewlett Packard Enterprise,Information Technology,2015-11-02,0001645590,"Technology Hardware, Storage & Peripherals","Houston, Texas"
WSM,"Williams-Sonoma, Inc.",Consumer Discretionary,2025-03-24,0000719955,Homefurnishing Retail,"San Francisco, California"
MTD,Mettler Toledo,Health Care,2016-09-06,0001037646,Life Sciences Tools & Services,"Columbus, Ohio"
VTRS,Viatris,Health Care,2004-04-23,0001792044,Pharmaceuticals,"Pittsburgh, Pennsylvania"
GS,Goldman Sachs,Financials,2002-07-22,0000886982,Investment Banking & Brokerage,"New York City, New York"
LVS,Las Vegas Sands,Consumer Discretionary,2019-10-03,0001300514,Casinos & Gaming,"Las Vegas, Nevada"
OKE,Oneok,Energy,2010-03-15,0001039684,Oil & Gas Storage & Transportation,"Tulsa, Oklahoma"
MSFT,Microsoft,Information Technology,1994-06-01,0000789019,Systems Software,"Redmond, Washington"
LHX,L3Harris,Industrials,2008-09-22,0000202058,Aerospace & Defense,"Melbourne, Florida"
STE,Steris,Health Care,2019-12-23,0001757898,Health Care Equipment,"Dublin, Ireland"
FSLR,First Solar,Information Technology,2022-12-19,0001274494,Semiconductors,"Tempe, Arizona"
HIG,Hartford (The),Financials,1957-03-04,0000874766,Property & Casualty Insurance,"Hartford, Connecticut"
INVH,Invitation Homes,Real Estate,2022-09-19,0001687229,Single-Family Residential REITs,"Dallas, Texas"
LMT,Lockheed Martin,Industrials,1957-03-04,0000936468,Aerospace & Defense,"Bethesda, Maryland"
ZBH,Zimmer Biomet,Health Care,2001-08-07,0001136869,Health Care Equipment,"Warsaw, Indiana"
MAS,Masco,Industrials,1981-06-30,0000062996,Building Products,"Livonia, Michigan"
ABNB,Airbnb,Consumer Discretionary,2023-09-18,0001559720,"Hotels, Resorts & Cruise Lines","San Francisco, California"
V,Visa Inc.,Financials,2009-12-21,0001403161,Transaction & Payment Processing Services,"San Francisco, California"
CPRT,Copart,Industrials,2018-07-02,0000900075,Diversified Support Services,"Dallas, Texas"
AVY,Avery Dennison,Materials,1987-12-31,0000008818,Paper & Plastic Packaging Products & Materials,"Mentor, Ohio"
BSX,Boston Scientific,Health Care,1995-02-24,0000885725,Health Care Equipment,"Marlborough, Massachusetts"
EIX,Edison International,Utilities,1957-03-04,0000827052,Electric Utilities,"Rosemead, California"
PNC,PNC Financial Services,Financials,1988-04-30,0000713676,Diversified Banks,"Pittsburgh, Pennsylvania"
PNR,Pentair,Industrials,2012-10-01,0000077360,Industrial Machinery & Supplies & Components,"Worsley, United Kingdom"
KDP,Keurig Dr Pepper,Consumer Staples,2022-06-21,0001418135,Soft Drinks & Non-alcoholic Beverages,"Burlington, Massachusetts"
BF.B,Brown–Forman,Consumer Staples,1982-10-31,0000014693,Distillers & Vintners,"Louisville, Kentucky"
SPG,Simon Property Group,Real Estate,2002-06-26,0001063761,Retail REITs,"Indianapolis, Indiana"
APO,Apollo Global Management,Financials,2024-12-23,0001858681,Asset Management & Custody Banks,"New York City, New York"
STX,Seagate Technology,Information Technology,2012-07-02,0001137789,"Technology Hardware, Storage & Peripherals","Dublin, Ireland"
CAH,Cardinal Health,Health Care,1997-05-27,0000721371,Health Care Distributors,"Dublin, Ohio"
WM,Waste Management,Industrials,1998-08-31,0000823768,Environmental & Facilities Services,"Houston, Texas"
INTU,Intuit,Information Technology,2000-12-05,0000896878,Application Software,"Mountain View, California"
TSCO,Tractor Supply,Consumer Discretionary,2014-01-24,0000916365,Other Specialty Retail,"Brentwood, Tennessee"
LH,Labcorp,Health Care,2004-11-01,0000920148,Health Care Services,"Burlington, North Carolina"
AON,Aon plc,Financials,1996-04-23,0000315293,Insurance Brokers,"London, United Kingdom"
TPR,"Tapestry, Inc.",Consumer Discretionary,2004-09-01,0001116132,"Apparel, Accessories & Luxury Goods","New York City, New York"
COR,Cencora,Health Care,2001-08-30,0001140859,Health Care Distributors,"Conshohocken, Pennsylvania"
EQIX,Equinix,Real Estate,2015-03-20,0001101239,Data Center REITs,"Redwood City, California"
AIZ,Assurant,Financials,2007-04-10,0001267238,Multi-line Insurance,"Atlanta, Georgia"
CPB,Campbell's Company (The),Consumer Staples,1957-03-04,0000016732,Packaged Foods & Meats,"Camden, New Jersey"
BAX,Baxter International,Health Care,1972-09-30,0000010456,Health Care Equipment,"Deerfield, Illinois"
SPGI,S&P Global,Financials,1957-03-04,0000064040,Financial Exchanges & Data,"New York City, New York"
MPC,Marathon Petroleum,Energy,2011-07-01,0001510295,Oil & Gas Refining & Marketing,"Findlay, Ohio"
KMI,Kinder Morgan,Energy,2012-05-25,0001506307,Oil & Gas Storage & Transportation,"Houston, Texas"
USB,U.S. Bancorp,Financials,1999-11-01,0000036104,Diversified Banks,"Minneapolis, Minnesota"
